Countries and areas,Latitude ,Longitude,OOSR_Pre0Primary_Age_Male,OOSR_Pre0Primary_Age_Female,OOSR_Primary_Age_Male,OOSR_Primary_Age_Female,OOSR_Lower_Secondary_Age_Male,OOSR_Lower_Secondary_Age_Female,OOSR_Upper_Secondary_Age_Male,OOSR_Upper_Secondary_Age_Female,Completion_Rate_Primary_Male,Completion_Rate_Primary_Female,Completion_Rate_Lower_Secondary_Male,Completion_Rate_Lower_Secondary_Female,Completion_Rate_Upper_Secondary_Male,Completion_Rate_Upper_Secondary_Female,Grade_2_3_Proficiency_Reading,Grade_2_3_Proficiency_Math,Primary_End_Proficiency_Reading,Primary_End_Proficiency_Math,Lower_Secondary_End_Proficiency_Reading,Lower_Secondary_End_Proficiency_Math,Youth_15_24_Literacy_Rate_Male,Youth_15_24_Literacy_Rate_Female,Birth_Rate,Gross_Primary_Education_Enrollment,Gross_Tertiary_Education_Enrollment,Unemployment_Rate
Algeria,28.033886,1.659626,0,0,0,0,0,0,0,0,93,93,49,65,22,37,0,0,0,0,21,19,98,97,24.28,109.9,51.4,11.7
Angola,11.202692,17.873887,31,39,0,0,0,0,0,0,63,57,42,32,24,15,0,0,0,0,0,0,0,0,40.73,113.5,9.3,6.89
Benin,9.30769,2.315834,15,16,3,10,27,43,46,66,51,44,25,13,12,5,9,34,23,11,0,0,70,52,36.22,122.0,12.3,2.23
Botswana,22.328474,24.684866,79,78,12,10,0,0,0,0,95,98,92,92,55,66,0,0,0,16,0,0,0,0,24.82,103.2,24.9,18.19
Burkina Faso,12.238333,1.561593,81,81,21,22,48,44,67,65,32,29,13,6,6,2,36,59,21,22,0,0,62,55,37.93,96.1,6.5,6.26
Burundi,3.373056,29.918886,52,50,9,6,36,31,67,62,46,54,26,19,4,3,79,97,7,40,0,0,0,0,39.01,121.4,6.1,1.43
Cape Verde,16.5388,23.0418,19,19,6,7,14,13,29,24,0,0,0,0,0,0,0,0,0,0,0,0,0,0,19.49,104.0,23.6,12.25
Cameroon,7.369722,12.354722,56,57,4,13,33,40,50,58,75,74,52,43,26,21,30,57,24,12,0,0,88,82,35.39,103.4,12.8,3.38
Central African Republic,6.611111,20.939444,0,0,0,0,0,0,0,0,54,33,16,8,8,6,0,0,0,0,0,0,48,29,35.35,102.0,3.0,3.68
Chad,15.454166,18.732207,85,87,17,35,55,70,71,85,31,24,18,10,15,6,18,48,3,3,0,0,0,0,42.17,86.8,3.3,1.89
Comoros,11.6455,43.3333,71,70,18,18,20,18,52,48,75,77,47,45,24,32,0,0,0,0,0,0,78,78,31.88,99.5,9.0,4.34
Republic of the Congo,0.228021,15.827659,71,70,15,16,0,0,0,0,78,82,56,45,28,19,38,72,17,6,0,0,85,79,32.86,106.6,12.7,9.47
Ivory Coast,7.539989,5.54708,78,78,2,8,41,48,52,64,60,53,36,22,17,15,17,33,22,3,0,0,64,53,35.74,99.8,9.3,3.32
Democratic Republic of the Congo,4.038333,21.758664,0,0,0,0,0,0,0,0,67,66,58,52,36,27,0,0,0,0,0,0,0,0,41.18,108.0,6.6,4.24
Djibouti,11.825138,42.590275,85,88,32,35,48,48,66,67,0,0,0,0,0,0,0,0,0,0,0,0,0,0,21.47,75.3,5.3,10.3
Egypt,26.820553,30.802498,63,63,0,0,3,2,23,24,91,92,79,81,43,41,0,0,0,0,0,21,0,0,26.38,106.3,35.2,10.76
Equatorial Guinea,1.650801,10.267895,57,55,56,55,0,0,0,0,0,0,0,0,0,0,0,0,0,0,0,0,0,0,33.24,61.8,1.9,6.43
Eritrea,15.179384,39.782334,73,73,45,50,32,40,45,53,0,0,0,0,0,0,0,0,0,0,0,0,94,93,30.3,68.4,3.4,5.14
Eswatini,26.522503,31.465866,0,0,15,17,3,3,14,18,64,77,47,54,31,33,0,0,0,0,0,0,94,97,0.0,0.0,0.0,0.0
Ethiopia,9.145,40.489673,62,64,11,18,45,49,73,75,47,48,19,22,11,14,0,0,0,0,0,0,0,0,32.34,101.0,8.1,2.08
Gabon,0.803689,11.609444,0,0,0,0,0,0,0,0,66,75,32,33,14,14,0,0,0,0,0,0,88,91,31.61,139.9,8.3,20.0
The Gambia,13.443182,15.310139,42,36,19,10,0,0,0,0,64,60,50,48,33,28,5,0,0,0,0,0,0,0,38.54,98.0,2.7,9.06
Ghana,7.946527,1.023194,14,12,1,0,13,8,28,28,69,73,45,50,12,9,0,0,0,0,0,0,93,92,29.41,104.8,15.7,4.33
Guinea,9.945587,9.696645,57,60,15,29,43,60,59,76,52,39,33,20,22,13,0,0,0,0,0,0,70,43,36.36,91.5,11.6,4.3
Guinea0Bissau,11.803749,15.180413,0,0,0,0,0,0,0,0,29,25,18,16,14,8,0,0,0,0,0,0,0,0,35.13,118.7,2.6,2.47
Kenya,0.023559,37.906193,0,0,0,0,0,0,0,0,77,82,61,69,44,38,53,42,0,0,0,0,88,88,28.75,103.2,11.5,2.64
Lesotho,29.609988,28.233608,58,57,3,2,21,13,38,29,69,92,33,55,27,37,13,0,0,0,0,0,0,0,26.81,120.9,10.2,23.41
Liberia,6.428055,9.429499,21,21,22,21,17,26,20,31,36,33,29,23,18,9,0,0,0,0,0,0,0,0,33.04,85.1,11.9,2.81
Libya,26.3351,17.228331,0,0,0,0,0,0,0,0,0,0,0,0,0,0,0,0,0,0,0,0,0,0,18.83,109.0,60.5,18.56
Madagascar,18.766947,46.869107,43,38,0,0,31,29,63,64,52,60,26,27,16,15,13,0,4,5,0,0,82,81,32.66,142.5,5.4,1.76
Malawi,13.254308,34.301525,0,0,0,0,19,18,62,76,43,52,23,21,15,13,0,0,0,0,0,0,0,0,34.12,142.5,0.8,5.65
Mali,17.570692,3.996166,53,57,38,44,49,56,71,79,50,41,36,25,23,12,0,0,0,0,0,0,58,43,41.54,75.6,4.5,7.22
Mauritania,21.00789,10.940835,0,0,25,21,31,25,63,59,68,58,53,40,31,23,0,0,0,0,0,0,0,0,33.69,99.9,5.0,9.55
Mauritius,20.348404,57.552152,9,8,3,1,6,4,25,17,0,0,0,0,0,0,0,0,88,78,0,0,99,99,10.2,101.1,40.6,6.67
Morocco,31.791702,7.09262,31,39,2,3,8,11,26,30,0,0,0,0,0,0,36,16,0,0,27,14,98,97,18.94,113.9,35.9,9.02
Mozambique,18.665695,35.529562,0,0,1,4,39,47,65,73,44,39,15,11,8,5,0,0,0,0,0,0,0,0,37.52,112.6,7.3,3.24
Namibia,22.95764,18.49041,33,30,0,0,0,0,0,0,75,86,48,62,33,39,0,0,35,6,0,0,94,96,28.64,124.2,22.9,20.27
Niger,17.607789,8.081666,76,76,37,45,61,69,84,89,35,24,10,4,4,1,9,27,2,1,0,0,51,36,46.08,74.7,4.4,0.47
Nigeria,9.081999,8.675277,0,0,0,0,0,0,0,0,71,71,66,59,57,44,0,0,0,0,0,0,82,68,37.91,84.7,10.2,8.1
Rwanda,1.940278,29.873888,48,47,6,6,6,2,50,49,48,61,25,30,19,16,0,0,0,0,0,0,84,89,31.7,133.0,6.7,1.03
Sao Tome and Principe,0.18636,6.613081,49,46,6,6,12,7,19,16,79,86,32,36,4,8,0,0,0,0,0,0,98,98,31.54,106.8,13.4,13.37
Senegal,14.497401,14.452362,85,83,30,21,0,0,0,0,44,50,27,30,11,10,29,63,35,29,9,8,0,0,34.52,81.0,12.8,6.6
Seychelles,4.679574,55.491977,9,6,0,0,0,0,24,12,0,0,0,0,0,0,0,0,0,0,0,0,99,100,17.1,100.4,17.1,0.0
Sierra Leone,8.460555,11.779889,58,57,2,2,49,49,64,67,63,65,47,42,27,18,6,0,0,0,0,0,71,63,33.41,112.8,2.0,4.43
Somalia,5.152149,46.199616,0,0,0,0,0,0,0,0,0,0,0,0,0,0,0,0,0,0,0,0,0,0,41.75,23.4,2.5,11.35
South Africa,30.559482,22.937506,28,27,12,10,16,13,22,20,95,98,85,91,45,52,22,0,0,13,0,0,0,0,20.51,100.9,22.4,28.18
South Sudan,6.8769919,31.3069788,78,81,58,67,49,63,57,72,31,18,22,10,12,4,0,0,0,0,0,0,48,47,35.01,73.0,0.0,12.24
Sudan,12.862807,30.217636,60,60,31,35,33,35,53,50,66,64,49,52,33,28,0,0,0,0,0,0,73,73,32.18,76.8,16.9,16.53
Togo,8.619543,0.824782,1,7,2,4,15,28,47,66,83,76,55,39,31,12,19,40,16,20,0,0,0,0,33.11,123.8,14.5,2.04
Tunisia,33.886917,9.537499,0,0,0,0,0,0,0,0,94,97,68,80,40,57,47,0,0,0,28,25,0,0,17.56,115.4,31.7,16.02
Uganda,1.373333,32.290275,0,0,6,3,0,0,0,0,39,43,27,23,18,15,33,21,0,0,0,0,89,90,38.14,102.7,4.8,1.84
Tanzania,6.369028,34.888822,45,42,15,12,0,0,84,88,75,84,31,27,32,27,0,0,0,0,0,0,0,0,36.7,94.2,4.0,1.98
Zambia,13.133897,27.849332,0,0,17,13,0,0,0,0,71,73,54,50,33,27,0,0,0,0,5,2,93,92,36.19,98.7,4.1,11.43
Zimbabwe,19.015438,29.154857,60,58,0,0,0,0,45,50,86,92,45,53,17,14,20,0,0,0,0,0,0,0,30.68,109.9,10.0,4.95
